region_id,short_tip_percent,med_tip_percent,long_tip_percent,max_tip_percent,max_bin,is_statistically_significant,has_rejected_null_hyp,PULocationID,Borough,Zone,service_zone
262,0.21849767628607555,0.19143370044007285,0.17251605100923903,0.21849767628607555,short,False,False,262,Manhattan,Yorkville East,Yellow Zone
229,0.21125262528891017,0.1872287746978248,0.16207420832241007,0.21125262528891017,short,False,False,229,Manhattan,Sutton Place/Turtle Bay North,Yellow Zone
45,0.16745160237984216,0.13155586225353072,0.13090494312358583,0.16745160237984216,short,False,False,45,Manhattan,Chinatown,Yellow Zone
237,inf,0.18871806217373252,0.17547011561525985,inf,short,True,True,237,Manhattan,Upper East Side South,Yellow Zone
137,inf,0.1439444005405102,0.14328531968448618,inf,short,True,True,137,Manhattan,Kips Bay,Yellow Zone
68,0.2160428283942397,inf,0.13448806426118676,inf,medium,True,True,68,Manhattan,East Chelsea,Yellow Zone
170,inf,inf,0.12961104524640166,inf,short,True,True,170,Manhattan,Murray Hill,Yellow Zone
107,inf,0.18191348258066276,0.16823904430816655,inf,short,True,True,107,Manhattan,Gramercy,Yellow Zone
239,inf,0.19290328363659942,0.18189926824054098,inf,short,False,False,239,Manhattan,Upper West Side South,Yellow Zone
234,0.21681029059016366,inf,0.15566809953794025,inf,medium,True,True,234,Manhattan,Union Sq,Yellow Zone
141,inf,0.18646982283838934,0.1745101468857474,inf,short,False,False,141,Manhattan,Lenox Hill West,Yellow Zone
132,inf,inf,0.1684156898311279,inf,short,True,True,132,Queens,JFK Airport,Airports
24,0.19909399521739604,0.16982837083819483,0.15801367499605448,0.19909399521739604,short,False,False,24,Manhattan,Bloomingdale,Yellow Zone
140,inf,0.166164085163614,0.16545377193072142,inf,short,False,False,140,Manhattan,Lenox Hill East,Yellow Zone
246,0.20263947678813107,0.15884631368542235,0.1446985480301629,0.20263947678813107,short,True,True,246,Manhattan,West Chelsea/Hudson Yards,Yellow Zone
162,inf,0.18785234370550674,0.14646829801911815,inf,short,True,True,162,Manhattan,Midtown East,Yellow Zone
224,0.20337947629517203,0.1819621757508991,0.17010649378500212,0.20337947629517203,short,False,False,224,Manhattan,Stuy Town/Peter Cooper Village,Yellow Zone
249,inf,0.177672992718523,0.17259549995443513,inf,short,False,False,249,Manhattan,West Village,Yellow Zone
236,0.2239303535322377,0.19293088034882347,0.17902619272497847,0.2239303535322377,short,True,True,236,Manhattan,Upper East Side North,Yellow Zone
87,inf,inf,0.16004278411717096,inf,short,True,True,87,Manhattan,Financial District North,Yellow Zone
148,0.1866167773340601,0.1594603168948766,0.1520980855143011,0.1866167773340601,short,False,False,148,Manhattan,Lower East Side,Yellow Zone
142,0.21898268183598493,0.18147061962468722,0.17640207371166355,0.21898268183598493,short,False,False,142,Manhattan,Lincoln Square East,Yellow Zone
263,0.21812613181905072,0.1848852877945261,0.1711560647124372,0.21812613181905072,short,False,False,263,Manhattan,Yorkville West,Yellow Zone
151,0.20601946261872361,0.17678640849015637,0.1684805388830349,0.20601946261872361,short,False,False,151,Manhattan,Manhattan Valley,Yellow Zone
100,inf,0.16804085097320234,0.1143393714233568,inf,short,True,True,100,Manhattan,Garment District,Yellow Zone
43,0.2051045051298524,0.17363504963224582,0.1756323326298182,0.2051045051298524,short,False,False,43,Manhattan,Central Park,Yellow Zone
125,0.2083521880349121,0.17446942541277993,0.1685551942001451,0.2083521880349121,short,False,False,125,Manhattan,Hudson Sq,Yellow Zone
114,inf,0.1714029705053664,0.17734273127220695,inf,short,False,False,114,Manhattan,Greenwich Village South,Yellow Zone
90,inf,inf,0.15190658432660187,inf,short,True,True,90,Manhattan,Flatiron,Yellow Zone
41,0.15710045314945426,0.15187197057246124,0.1160489891826798,0.15710045314945426,short,False,False,41,Manhattan,Central Harlem,Boro Zone
138,inf,0.24741077205304227,0.11768247639953844,inf,short,True,True,138,Queens,LaGuardia Airport,Airports
144,inf,0.1605318956584396,0.14483111078846608,inf,short,False,False,144,Manhattan,Little Italy/NoLiTa,Yellow Zone
230,inf,inf,0.12885653426365867,inf,short,True,True,230,Manhattan,Times Sq/Theatre District,Yellow Zone
163,0.203721256595041,0.17944100414712907,0.14945261678968982,0.203721256595041,short,False,False,163,Manhattan,Midtown North,Yellow Zone
164,inf,inf,0.15404344070345288,inf,short,True,True,164,Manhattan,Midtown South,Yellow Zone
48,0.19118563446311293,inf,0.12914539023219043,inf,medium,True,True,48,Manhattan,Clinton East,Yellow Zone
50,inf,0.15200224920045985,0.14525042524034176,inf,short,True,True,50,Manhattan,Clinton West,Yellow Zone
231,0.20356149287589662,0.16185986863167348,0.17240662665133955,0.20356149287589662,short,True,True,231,Manhattan,TriBeCa/Civic Center,Yellow Zone
79,inf,0.17228520962426808,0.1635550654297648,inf,short,False,False,79,Manhattan,East Village,Yellow Zone
143,inf,0.1771745519303612,0.17851965514686313,inf,short,True,True,143,Manhattan,Lincoln Square West,Yellow Zone
158,0.21901915577985967,0.17819155777308662,0.17601335083349096,0.21901915577985967,short,True,True,158,Manhattan,Meatpacking/West Village West,Yellow Zone
124,0.0381813191676233,0.08532987221453947,0.0899346688901654,0.0899346688901654,long,False,False,124,Queens,Howard Beach,Boro Zone
186,0.19808413439012024,0.1686460470811679,0.12065796714826094,0.19808413439012024,short,True,True,186,Manhattan,Penn Station/Madison Sq West,Yellow Zone
145,0.19684028454673,0.1637648102712568,0.10192585086522171,0.19684028454673,short,True,True,145,Queens,Long Island City/Hunters Point,Boro Zone
113,0.22327300632711175,0.1918868827684267,0.17028000333973967,0.22327300632711175,short,False,False,113,Manhattan,Greenwich Village North,Yellow Zone
13,0.1896657023299429,0.16418361849159357,0.1769373924046537,0.1896657023299429,short,True,True,13,Manhattan,Battery Park City,Yellow Zone
211,0.1990782745026984,0.170324902873154,0.16799959246653218,0.1990782745026984,short,True,True,211,Manhattan,SoHo,Yellow Zone
166,0.18700507753660084,0.16170968956783502,0.15175888125323936,0.18700507753660084,short,True,True,166,Manhattan,Morningside Heights,Boro Zone
233,inf,0.1823562714122631,0.1300774226648201,inf,short,True,True,233,Manhattan,UN/Turtle Bay South,Yellow Zone
70,inf,0.12197319062670005,0.07232644240012007,inf,short,False,False,70,Queens,East Elmhurst,Boro Zone
61,0.07738125863418241,0.13935242628751407,0.09120281913252293,0.13935242628751407,medium,False,False,61,Brooklyn,Crown Heights North,Boro Zone
209,0.186109479800635,0.15895517202411608,0.1694753751929928,0.186109479800635,short,False,False,209,Manhattan,Seaport,Yellow Zone
88,0.1706572617409269,0.14767737101481002,0.15714088018559957,0.1706572617409269,short,True,True,88,Manhattan,Financial District South,Yellow Zone
261,inf,0.15192048275067535,0.1585161475914062,inf,short,False,False,261,Manhattan,World Trade Center,Yellow Zone
29,0.010046263898067379,0.062168058227288374,0.06862850320695534,0.06862850320695534,long,True,True,29,Brooklyn,Brighton Beach,Boro Zone
12,0.15353445860998388,0.12868034867567668,0.12657209337493927,0.15353445860998388,short,False,False,12,Manhattan,Battery Park,Yellow Zone
116,0.12406254445995403,0.1378855251544678,0.13030748625845648,0.1378855251544678,medium,False,False,116,Manhattan,Hamilton Heights,Boro Zone
75,0.17766428024319558,0.13678791775990315,0.08680713869020967,0.17766428024319558,short,True,True,75,Manhattan,East Harlem South,Boro Zone
157,0.14718560664298133,0.1033538531777043,0.0932829291980652,0.14718560664298133,short,False,False,157,Queens,Maspeth,Boro Zone
26,0.01304493443951718,0.06293559158898933,0.044232217294823656,0.06293559158898933,medium,True,True,26,Brooklyn,Borough Park,Boro Zone
181,0.17359440587655262,0.18847709669295593,0.15262953632257142,0.18847709669295593,medium,True,True,181,Brooklyn,Park Slope,Boro Zone
232,0.16481709775200803,0.13958058021869726,0.15350340883879526,0.16481709775200803,short,False,False,232,Manhattan,Two Bridges/Seward Park,Yellow Zone
85,0.019564681938012897,0.09708011111887044,0.044444884952690104,0.09708011111887044,medium,True,True,85,Brooklyn,Erasmus,Boro Zone
152,0.1270283362202768,0.1303501496668301,0.10367834778998268,0.1303501496668301,medium,False,False,152,Manhattan,Manhattanville,Boro Zone
130,0.033354862853985194,0.07100420868597153,0.05848407595674165,0.07100420868597153,medium,False,False,130,Queens,Jamaica,Boro Zone
74,0.14746727410729563,0.1261156699680693,0.06754735459437536,0.14746727410729563,short,False,False,74,Manhattan,East Harlem North,Boro Zone
193,0.10806404069450175,0.10771122189594241,0.029042824883918978,0.10806404069450175,short,True,True,193,Queens,Queensbridge/Ravenswood,Boro Zone
226,0.1435902083047372,inf,0.061077771518868,inf,medium,True,True,226,Queens,Sunnyside,Boro Zone
7,0.16065802394735304,0.13933825380388407,0.0886498180234188,0.16065802394735304,short,True,True,7,Queens,Astoria,Boro Zone
33,0.20929943690990224,0.18435285934191326,0.15154953752333297,0.20929943690990224,short,True,True,33,Brooklyn,Brooklyn Heights,Boro Zone
244,0.11525577833914312,0.12837122109174612,0.12185723244502505,0.12837122109174612,medium,False,False,244,Manhattan,Washington Heights South,Boro Zone
217,0.0773557306707669,0.05422278405210796,0.037811095998893214,0.0773557306707669,short,False,False,217,Brooklyn,South Williamsburg,Boro Zone
42,0.11106108471875156,0.12438359033658217,0.08607526979939785,0.12438359033658217,medium,False,False,42,Manhattan,Central Harlem North,Boro Zone
66,inf,0.16869733997278222,0.13862070801536364,inf,short,False,False,66,Brooklyn,DUMBO/Vinegar Hill,Boro Zone
89,0.04842506298076622,0.34532692976858737,0.09092915348794915,0.34532692976858737,medium,True,True,89,Brooklyn,Flatbush/Ditmas Park,Boro Zone
250,0.010288499426644625,0.05935264087283979,0.037610655206104834,0.05935264087283979,medium,True,True,250,Bronx,Westchester Village/Unionport,Boro Zone
112,0.20282868693385275,0.1817515349180618,0.1270954241618625,0.20282868693385275,short,True,True,112,Brooklyn,Greenpoint,Boro Zone
223,0.16451279260498008,0.14619632003243957,0.09515728667732441,0.16451279260498008,short,False,False,223,Queens,Steinway,Boro Zone
93,inf,0.07682602304984698,0.13035433905707808,inf,short,False,False,93,Queens,Flushing Meadows-Corona Park,Boro Zone
95,0.09274818804565477,0.13415596120193632,0.06678189671119572,0.13415596120193632,medium,False,False,95,Queens,Forest Hills,Boro Zone
25,0.17991118954302662,0.17363128206445055,0.1434638240471835,0.17991118954302662,short,True,True,25,Brooklyn,Boerum Hill,Boro Zone
191,0.012511429279748252,0.05367535692390667,0.022279158293861248,0.05367535692390667,medium,False,False,191,Queens,Queens Village,Boro Zone
65,0.16489526265532575,0.16158918743600095,0.1327321940789295,0.16489526265532575,short,True,True,65,Brooklyn,Downtown Brooklyn/MetroTech,Boro Zone
80,0.16787637215916365,0.16909580972592791,0.10689955958945983,0.16909580972592791,medium,True,True,80,Brooklyn,East Williamsburg,Boro Zone
39,0.003940170092192225,0.0494849674441005,0.025709389175979022,0.0494849674441005,medium,True,True,39,Brooklyn,Canarsie,Boro Zone
146,0.16578120669229976,0.14277995328468754,0.10334448886735675,0.16578120669229976,short,True,True,146,Queens,Long Island City/Queens Plaza,Boro Zone
150,0.02276836857829669,0.07746937779466025,0.0797255423704842,0.0797255423704842,long,False,False,150,Brooklyn,Manhattan Beach,Boro Zone
10,inf,0.09378322080616404,0.08307214814389552,inf,short,False,False,10,Queens,Baisley Park,Boro Zone
255,0.2802336911844449,0.18139025133884917,0.12920130915555095,0.2802336911844449,short,False,False,255,Brooklyn,Williamsburg (North Side),Boro Zone
4,0.17898915390389708,0.1457862269851638,0.14134461182073033,0.17898915390389708,short,False,False,4,Manhattan,Alphabet City,Yellow Zone
248,0.019657891791956646,0.04818289328527391,0.024487180957129543,0.04818289328527391,medium,False,False,248,Bronx,West Farms/Bronx River,Boro Zone
165,0.016251884714173517,0.09646060908970447,0.08504151525519991,0.09646060908970447,medium,True,True,165,Brooklyn,Midwood,Boro Zone
76,0.004032986430489289,0.043128165991096756,0.0199972532614755,0.043128165991096756,medium,True,True,76,Brooklyn,East New York,Boro Zone
82,0.07508413374078012,0.07011657035429028,0.07164941578548821,0.07508413374078012,short,False,False,82,Queens,Elmhurst,Boro Zone
18,0.010261943566840074,0.056459433109470845,0.044506494125721656,0.056459433109470845,medium,True,True,18,Bronx,Bedford Park,Boro Zone
97,0.16980746536630675,0.16768660992489187,0.12899658464006306,0.16980746536630675,short,False,False,97,Brooklyn,Fort Greene,Boro Zone
49,0.1700011237185815,0.17077291347886953,0.11857657813789022,0.17077291347886953,medium,False,False,49,Brooklyn,Clinton Hill,Boro Zone
188,0.04298797176375811,0.13195118750460239,0.08510630104840379,0.13195118750460239,medium,True,True,188,Brooklyn,Prospect-Lefferts Gardens,Boro Zone
134,0.08994742304488425,0.10668772436735463,0.0689183471533217,0.10668772436735463,medium,True,True,134,Queens,Kew Gardens,Boro Zone
14,0.03010716447418015,0.1320345175105656,0.10377970523286544,0.1320345175105656,medium,True,True,14,Brooklyn,Bay Ridge,Boro Zone
213,0.03975585442612093,0.055756649273278634,0.047868226419840045,0.055756649273278634,medium,True,True,213,Bronx,Soundview/Castle Hill,Boro Zone
216,inf,0.08336302516430662,0.07086321950507916,inf,short,False,False,216,Queens,South Ozone Park,Boro Zone
91,0.00881888814965225,0.05975469678517655,0.044741652826253454,0.05975469678517655,medium,True,True,91,Brooklyn,Flatlands,Boro Zone
129,0.1407222984323734,0.11721721556637081,0.08506246140633432,0.1407222984323734,short,False,False,129,Queens,Jackson Heights,Boro Zone
259,0.06048528784411482,0.06413130099587863,0.0592285738568129,0.06413130099587863,medium,False,False,259,Bronx,Woodlawn/Wakefield,Boro Zone
3,0.013384841682902002,0.06860275780545645,0.05891505234674681,0.06860275780545645,medium,False,False,3,Bronx,Allerton/Pelham Gardens,Boro Zone
256,0.1804838002255509,0.1680162676661375,0.12159252704760713,0.1804838002255509,short,True,True,256,Brooklyn,Williamsburg (South Side),Boro Zone
215,inf,0.050034355624731366,0.04523498763406505,inf,short,False,False,215,Queens,South Jamaica,Boro Zone
51,0.01187195079086465,0.03960009027443007,0.03409036936177043,0.03960009027443007,medium,False,False,51,Bronx,Co-Op City,Boro Zone
218,0.0715870021768959,0.041133275586496966,0.010840545228403397,0.0715870021768959,short,True,True,218,Queens,Springfield Gardens North,Boro Zone
159,0.05087572810914441,0.06510758736288015,0.039543103233630875,0.06510758736288015,medium,True,True,159,Bronx,Melrose South,Boro Zone
247,inf,0.10130047777326079,0.03718301704466842,inf,short,True,True,247,Bronx,West Concourse,Boro Zone
183,0.010478431372549021,0.08111668868195197,0.05553126355222177,0.08111668868195197,medium,True,True,183,Bronx,Pelham Bay,Boro Zone
63,0.012354627349526102,0.05856215871896455,0.025868582689202762,0.05856215871896455,medium,True,True,63,Brooklyn,Cypress Hills,Boro Zone
200,0.07247145835759333,0.16239498011555792,0.12609804205832387,0.16239498011555792,medium,True,True,200,Bronx,Riverdale/North Riverdale/Fieldston,Boro Zone
21,0.013461283691137638,0.06630865687114085,0.05617109697365144,0.06630865687114085,medium,True,True,21,Brooklyn,Bensonhurst East,Boro Zone
177,0.029469791062430188,0.08964095486740535,0.015785824878396908,0.08964095486740535,medium,True,True,177,Brooklyn,Ocean Hill,Boro Zone
106,0.15351173037758475,0.18051194300263254,0.1402347819319127,0.18051194300263254,medium,False,False,106,Brooklyn,Gowanus,Boro Zone
174,0.007662711248067149,0.059168679762850375,0.04739712918273562,0.059168679762850375,medium,True,True,174,Bronx,Norwood,Boro Zone
197,0.04242594858885639,0.05816623184198876,0.03460550124858061,0.05816623184198876,medium,True,True,197,Queens,Richmond Hill,Boro Zone
37,0.11290501618825885,0.14600466878094875,0.05185435169424917,0.14600466878094875,medium,True,True,37,Brooklyn,Bushwick South,Boro Zone
179,0.16199644064547583,0.14440054783275763,0.05411185545899375,0.16199644064547583,short,True,True,179,Queens,Old Astoria,Boro Zone
56,0.06910935886385323,0.04993376422645385,0.04909710108211756,0.06910935886385323,short,False,False,56,Queens,Corona,Boro Zone
120,0.06136421753101836,0.09835288024281101,0.0704239707819686,0.09835288024281101,medium,True,True,120,Manhattan,Highbridge Park,Boro Zone
71,0.007297964427493542,0.06805502953691923,0.03793377912401787,0.06805502953691923,medium,True,True,71,Brooklyn,East Flatbush/Farragut,Boro Zone
169,0.015492773168500408,0.04444115845261565,0.02943485022316531,0.04444115845261565,medium,True,True,169,Bronx,Mount Hope,Boro Zone
17,0.11226774785465261,0.1401402145746017,0.09755703222699273,0.1401402145746017,medium,False,False,17,Brooklyn,Bedford,Boro Zone
35,0.0044292363209380604,0.0401451150194571,0.018314394592848716,0.0401451150194571,medium,True,True,35,Brooklyn,Brownsville,Boro Zone
40,0.21190260838642605,0.20176573981560958,0.15700728928576335,0.21190260838642605,short,True,True,40,Brooklyn,Carroll Gardens,Boro Zone
241,0.01876720811389652,0.0745443197420436,0.061222698726104176,0.0745443197420436,medium,True,True,241,Bronx,Van Cortlandt Village,Boro Zone
260,0.11815473274561028,0.1022888050017298,0.054766278238605776,0.11815473274561028,short,False,False,260,Queens,Woodside,Boro Zone
121,0.04535303428557719,0.08507596858309666,0.045105757130258765,0.08507596858309666,medium,False,False,121,Queens,Hillcrest/Pomonok,Boro Zone
147,0.026902099136254288,0.05639360533789748,0.03992947025085929,0.05639360533789748,medium,False,False,147,Bronx,Longwood,Boro Zone
208,0.006804470059418592,0.08795306002332383,0.058254778297311,0.08795306002332383,medium,True,True,208,Bronx,Schuylerville/Edgewater Park,Boro Zone
72,0.006926534680758489,0.053601645143406304,0.02848334724490733,0.053601645143406304,medium,False,False,72,Brooklyn,East Flatbush/Remsen Village,Boro Zone
195,0.14200992007735896,0.14429169594056232,0.12733466898130094,0.14429169594056232,medium,False,False,195,Brooklyn,Red Hook,Boro Zone
52,0.2082402846323496,0.19512841693241736,0.16330701176213103,0.2082402846323496,short,True,True,52,Brooklyn,Cobble Hill,Boro Zone
16,0.02849558867447474,0.10287483805299777,0.07064677494588088,0.10287483805299777,medium,True,True,16,Queens,Bayside,Boro Zone
78,0.01210746468712681,0.0434690655181213,0.021077587714407903,0.0434690655181213,medium,True,True,78,Bronx,East Tremont,Boro Zone
119,0.046799635365155655,0.07615805170222413,0.03366510750398033,0.07615805170222413,medium,False,False,119,Bronx,Highbridge,Boro Zone
243,0.08358428947778614,0.14140122560947235,0.1386688334660638,0.14140122560947235,medium,False,False,243,Manhattan,Washington Heights North,Boro Zone
135,0.050764435901046866,0.09921898528339676,0.01561583445793972,0.09921898528339676,medium,False,False,135,Queens,Kew Gardens Hills,Boro Zone
222,0.0018417025696420009,0.033225035003083374,0.014715633555498667,0.033225035003083374,medium,True,True,222,Brooklyn,Starrett City,Boro Zone
185,0.005149631960069203,0.08158508225824164,0.0671764390362448,0.08158508225824164,medium,True,True,185,Bronx,Pelham Parkway,Boro Zone
28,0.03918408515145118,0.07567466271733671,0.1035076169377234,0.1035076169377234,long,False,False,28,Queens,Briarwood/Jamaica Hills,Boro Zone
196,0.07116086018756006,0.09858032246048831,0.03981465273171466,0.09858032246048831,medium,False,False,196,Queens,Rego Park,Boro Zone
205,0.04852457032293726,0.05792462889766453,0.017973125788237287,0.05792462889766453,medium,False,False,205,Queens,Saint Albans,Boro Zone
228,0.09479427102097555,0.14707594784290606,0.12222653269635801,0.14707594784290606,medium,False,False,228,Brooklyn,Sunset Park West,Boro Zone
219,0.0806716742868629,0.06471534649584579,0.05114495936898123,0.0806716742868629,short,False,False,219,Queens,Springfield Gardens South,Boro Zone
86,0.01836283844403192,0.06311535712128578,0.02112728250819903,0.06311535712128578,medium,False,False,86,Queens,Far Rockaway,Boro Zone
194,0.17887013355414424,0.15551211999122663,0.1218086593438816,0.17887013355414424,short,False,False,194,Manhattan,Randalls Island,Yellow Zone
1,inf,inf,inf,inf,short,True,True,1,EWR,Newark Airport,EWR
189,0.17773837682299753,0.18368808830418382,0.14707366984423417,0.18368808830418382,medium,True,True,189,Brooklyn,Prospect Heights,Boro Zone
203,0.04523655384959724,0.060921020995479705,0.019572661729331302,0.060921020995479705,medium,True,True,203,Queens,Rosedale,Boro Zone
60,inf,0.04004588050629892,0.03609033261135016,inf,short,True,True,60,Bronx,Crotona Park East,Boro Zone
81,0.0032764325658293683,0.038762464223281626,0.03589083577424069,0.038762464223281626,medium,False,False,81,Bronx,Eastchester,Boro Zone
36,0.09358945040370546,0.15787311268403895,0.0996718253329242,0.15787311268403895,medium,False,False,36,Brooklyn,Bushwick North,Boro Zone
212,0.009265123222807262,0.04887310074396718,0.04814249044321632,0.04887310074396718,medium,True,True,212,Bronx,Soundview/Bruckner,Boro Zone
168,inf,0.09161844419295288,0.05627838659458568,inf,short,False,False,168,Bronx,Mott Haven/Port Morris,Boro Zone
155,0.034185513790552784,0.07778234302138252,0.07380990664083065,0.07778234302138252,medium,True,True,155,Brooklyn,Marine Park/Mill Basin,Boro Zone
202,0.1744854395944846,0.16484991374832803,0.08627763190881436,0.1744854395944846,short,True,True,202,Manhattan,Roosevelt Island,Boro Zone
139,0.07702624765647736,0.05643495064369572,0.03581785857688319,0.07702624765647736,short,True,True,139,Queens,Laurelton,Boro Zone
92,0.13714218965509914,0.08247627390148629,0.055412459343415106,0.13714218965509914,short,False,False,92,Queens,Flushing,Boro Zone
32,0.008924634921294082,0.049124484799965715,0.04346449240357727,0.049124484799965715,medium,True,True,32,Bronx,Bronxdale,Boro Zone
47,0.016563642963079567,0.03909973245085652,0.028924954737920158,0.03909973245085652,medium,False,False,47,Bronx,Claremont/Bathgate,Boro Zone
69,0.04919367338253413,0.078746861054014,0.03746149391945746,0.078746861054014,medium,False,False,69,Bronx,East Concourse/Concourse Village,Boro Zone
131,0.01779578870048404,0.0814493314999389,0.0628083300780319,0.0814493314999389,medium,True,True,131,Queens,Jamaica Estates,Boro Zone
62,0.058789340126607276,0.11708788106597245,0.07205745067026612,0.11708788106597245,medium,True,True,62,Brooklyn,Crown Heights South,Boro Zone
6,0.0009778708133971294,0.11744446761597414,0.09615472598900641,0.11744446761597414,medium,True,True,6,Staten Island,Arrochar/Fort Wadsworth,Boro Zone
127,0.042498906667689275,0.12497316542343206,0.12143554999631151,0.12497316542343206,medium,True,True,127,Manhattan,Inwood,Boro Zone
173,0.06022657036335887,0.04650086601182416,0.006275100401606426,0.06022657036335887,short,False,False,173,Queens,North Corona,Boro Zone
19,0.16489291394715908,0.06943815220361255,0.06351473846935089,0.16489291394715908,short,True,True,19,Queens,Bellerose,Boro Zone
182,0.006938008901573752,0.06255601409727578,0.04505076947669975,0.06255601409727578,medium,False,False,182,Bronx,Parkchester,Boro Zone
190,0.1417623408173108,0.16596692795998755,0.13744538280391025,0.16596692795998755,medium,False,False,190,Brooklyn,Prospect Park,Boro Zone
126,0.02263744191257003,0.05293639931287774,0.0350570541245607,0.05293639931287774,medium,False,False,126,Bronx,Hunts Point,Boro Zone
23,0.015731075354822294,0.07241840934987055,0.07545269616743842,0.07545269616743842,long,False,False,23,Staten Island,Bloomfield/Emerson Hill,Boro Zone
122,0.007795153879965003,0.058921951224889024,0.03930466005618136,0.058921951224889024,medium,False,False,122,Queens,Hollis,Boro Zone
154,0.01765111344623268,0.06018782048836335,0.058818559087857,0.06018782048836335,medium,True,True,154,Brooklyn,Marine Park/Floyd Bennett Field,Boro Zone
225,0.08993985899982171,0.14312133871914617,0.05491316855354379,0.14312133871914617,medium,True,True,225,Brooklyn,Stuyvesant Heights,Boro Zone
54,0.19352353767864133,0.19155846185940037,0.1516244997281752,0.19352353767864133,short,True,True,54,Brooklyn,Columbia Street,Boro Zone
64,0.063540097058378,0.10392914995798436,0.0986472178230598,0.10392914995798436,medium,True,True,64,Queens,Douglaston,Boro Zone
153,0.024887802724337094,0.08558985635985246,0.08830330474414687,0.08830330474414687,long,True,True,153,Manhattan,Marble Hill,Boro Zone
111,0.1116076137877641,0.1951261343648979,0.11379711867772883,0.1951261343648979,medium,False,False,111,Brooklyn,Green-Wood Cemetery,Boro Zone
258,0.01493464723910327,0.06544788767428787,0.048814985273411875,0.06544788767428787,medium,True,True,258,Queens,Woodhaven,Boro Zone
108,0.02203636857676286,0.05940041126127261,0.03906289706193346,0.05940041126127261,medium,True,True,108,Brooklyn,Gravesend,Boro Zone
227,0.033308479110095046,0.10874003453386838,0.09522024476860581,0.10874003453386838,medium,False,False,227,Brooklyn,Sunset Park East,Boro Zone
167,0.022233496375393656,0.040899523713664745,0.020873766451648085,0.040899523713664745,medium,False,False,167,Bronx,Morrisania/Melrose,Boro Zone
136,0.020564125427672015,0.05679324199980383,0.05262977160823176,0.05679324199980383,medium,False,False,136,Bronx,Kingsbridge Heights,Boro Zone
242,0.006748017903268865,0.06546826743146308,0.03766177043562402,0.06546826743146308,medium,False,False,242,Bronx,Van Nest/Morris Park,Boro Zone
220,0.06511290571471905,0.15173348615000687,0.114164713777043,0.15173348615000687,medium,False,False,220,Bronx,Spuyten Duyvil/Kingsbridge,Boro Zone
55,0.010624508284964845,0.05205317881156354,0.05321532664870372,0.05321532664870372,long,True,True,55,Brooklyn,Coney Island,Boro Zone
123,0.011570603140362297,0.07337568694440753,0.05988418412392848,0.07337568694440753,medium,False,False,123,Brooklyn,Homecrest,Boro Zone
240,0.17891147071054386,0.09061697720390581,0.040640078723045835,0.17891147071054386,short,True,True,240,Bronx,Van Cortlandt Park,Boro Zone
149,0.036073368436449094,0.08338125337554639,0.08356319601435014,0.08356319601435014,long,True,True,149,Brooklyn,Madison,Boro Zone
20,0.02719481395276482,0.10939502947211675,0.07837981304895938,0.10939502947211675,medium,True,True,20,Bronx,Belmont,Boro Zone
160,0.042597078211108676,0.1118823586134493,0.022727482088052895,0.1118823586134493,medium,True,True,160,Queens,Middle Village,Boro Zone
235,0.0151632673763318,0.0396452895494964,0.028654882809870233,0.0396452895494964,medium,True,True,235,Bronx,University Heights/Morris Heights,Boro Zone
201,0.03579097228135956,0.11288075580362962,0.11254736196052989,0.11288075580362962,medium,True,True,201,Queens,Rockaway Park,Boro Zone
175,0.02312123864708783,0.0896140457942986,0.021440264034547785,0.0896140457942986,medium,True,True,175,Queens,Oakland Gardens,Boro Zone
38,0.00772695457738426,0.06136463363124198,0.034152421791601745,0.06136463363124198,medium,False,False,38,Queens,Cambria Heights,Boro Zone
133,0.06673059339954848,0.15240995777707422,0.11098229755164107,0.15240995777707422,medium,True,True,133,Brooklyn,Kensington,Boro Zone
117,0.015877407300948547,0.06101034100185013,0.03103183400443206,0.06101034100185013,medium,True,True,117,Queens,Hammels/Arverne,Boro Zone
254,0.013367872917102017,0.0489633477565574,0.034541599679516984,0.0489633477565574,medium,True,True,254,Bronx,Williamsbridge/Olinville,Boro Zone
101,0.04767393865222699,0.08215361442652953,0.07782915412929166,0.08215361442652953,medium,False,False,101,Queens,Glen Oaks,Boro Zone
77,0.006124871109603463,0.04533898693296747,0.04506008531189573,0.04533898693296747,medium,True,True,77,Brooklyn,East New York/Pennsylvania Avenue,Boro Zone
257,0.13586615831217597,0.1957178724089832,0.15183858418137192,0.1957178724089832,medium,True,True,257,Brooklyn,Windsor Terrace,Boro Zone
22,0.009014055326499936,0.07667090812313278,0.06659883911122265,0.07667090812313278,medium,True,True,22,Brooklyn,Bensonhurst West,Boro Zone
15,0.030105833932946028,0.10440946791877148,0.05872295294634441,0.10440946791877148,medium,False,False,15,Queens,Bay Terrace/Fort Totten,Boro Zone
210,0.016774831877806585,0.06803701409817145,0.07828266283467773,0.07828266283467773,long,True,True,210,Brooklyn,Sheepshead Bay,Boro Zone
94,0.009697817697526185,0.04066608332921398,0.03502553415722273,0.04066608332921398,medium,True,True,94,Bronx,Fordham South,Boro Zone
53,0.14758087049216878,0.08527064929824775,0.04238763660451798,0.14758087049216878,short,False,False,53,Queens,College Point,Boro Zone
128,0.032684644487386075,0.11253024213619452,0.12064351863982009,0.12064351863982009,long,True,True,128,Manhattan,Inwood Hill Park,Boro Zone
11,0.01256166200334295,0.07503235673216899,0.07885110506569849,0.07885110506569849,long,True,True,11,Brooklyn,Bath Beach,Boro Zone
83,0.09714693724429388,0.08040603068283796,0.039838076902725984,0.09714693724429388,short,True,True,83,Queens,Elmhurst/Maspeth,Boro Zone
9,0.04493633148046629,0.10407932664682765,0.12082127558061966,0.12082127558061966,long,False,False,9,Queens,Auburndale,Boro Zone
67,0.01207219620879903,0.10586218070569872,0.08251888278540821,0.10586218070569872,medium,True,True,67,Brooklyn,Dyker Heights,Boro Zone
180,0.03660595923291715,0.07385147911645938,0.07503097720369149,0.07503097720369149,long,True,True,180,Queens,Ozone Park,Boro Zone
31,0.05155360090467762,0.13189677421734686,0.033552532084647785,0.13189677421734686,medium,True,True,31,Bronx,Bronx Park,Boro Zone
252,0.0693831517317416,1.1408938811143008,0.04941600828766924,1.1408938811143008,medium,False,False,252,Queens,Whitestone,Boro Zone
214,0.0,0.13357861354767517,0.06977996899435145,0.13357861354767517,medium,True,True,214,Staten Island,South Beach/Dongan Hills,Boro Zone
178,0.024691377656706662,0.09583646080192935,0.05920054253135778,0.09583646080192935,medium,True,True,178,Brooklyn,Ocean Parkway South,Boro Zone
221,0.015607697312804418,0.11910243280764568,0.09228094727764127,0.11910243280764568,medium,False,False,221,Staten Island,Stapleton,Boro Zone
58,0.031074977416440837,0.12001323892808853,0.06587172081382438,0.12001323892808853,medium,True,True,58,Bronx,Country Club,Boro Zone
46,0.017129816082695665,0.11391961470746068,0.11905012019946613,0.11905012019946613,long,True,True,46,Bronx,City Island,Boro Zone
184,0.01221476510067114,0.048042288992624714,0.02285850283349859,0.048042288992624714,medium,False,False,184,Bronx,Pelham Bay Park,Boro Zone
